<?xml version="1.0" encoding="UTF-8"?>
<con:soapui-project id="18380412-fac7-4d3d-ade8-ac11af6d9611" created="3.61.0" activeEnvironment="Default environment" encryptionMode="Not encrypted" name="Activity1" projectVersion="" resourceRoot="${projectDir}" updated="3.61.0 2025-06-17T10:42:49Z" xmlns:con="http://eviware.com/soapui/config"><con:settings/><con:interface xsi:type="con:RestService" id="c3d4cb28-5479-4225-a655-d35516368aab" wadlVersion="http://wadl.dev.java.net/2009/02" name="https://petstore.swagger.io" type="rest" xmlns:xsi="http://www.w3.org/2001/XMLSchema-instance"><con:settings id="843e5dd3-53eb-42b8-8f4c-c8d1538a9c16"/><con:definitionCache type="TEXT" rootPart=""/><con:endpoints><con:endpoint>https://petstore.swagger.io</con:endpoint></con:endpoints><con:resource name="User" path="/v2/user" id="7e3cb5dc-63c5-4734-8a93-b138363aafda"><con:settings/><con:parameters/><con:method name="User" id="8534c40b-fde2-4b93-bdc5-7a19cd722fd4" method="POST"><con:settings/><con:parameters/><con:request name="Request 1" id="d616d63f-2028-4769-b20e-3a9a753158e3" mediaType="application/json" postQueryString="false"><con:settings/><con:endpoint>https://petstore.swagger.io</con:endpoint><con:request/><con:credentials><con:selectedAuthProfile>No Authorization</con:selectedAuthProfile><con:authType>No Authorization</con:authType></con:credentials><con:jmsConfig JMSDeliveryMode="PERSISTENT"/><con:parameters/></con:request></con:method></con:resource><con:resource name="Login" path="/v2/user/login" id="c69288a8-61ef-48d9-b387-fa46c6270281"><con:settings/><con:parameters/><con:method name="Login" id="f2493781-bb05-4902-b2d6-373f9f081d2f" method="GET"><con:settings/><con:parameters><con:parameter required="true"><con:name>username</con:name><con:value>{username}</con:value><con:style>QUERY</con:style><con:default>{username}</con:default><con:path xsi:nil="true"/><con:description xsi:nil="true"/></con:parameter><con:parameter required="true"><con:name>password</con:name><con:value>{password}</con:value><con:style>QUERY</con:style><con:default>{password}</con:default><con:path xsi:nil="true"/><con:description xsi:nil="true"/></con:parameter></con:parameters><con:request name="Request 1" id="676b24f5-9679-4e5c-9e26-83276f5f8a5f" mediaType="application/json"><con:settings/><con:endpoint>https://petstore.swagger.io</con:endpoint><con:request/><con:credentials><con:selectedAuthProfile>No Authorization</con:selectedAuthProfile><con:authType>No Authorization</con:authType></con:credentials><con:jmsConfig JMSDeliveryMode="PERSISTENT"/><con:parameters><con:entry key="password" value="JohsnPassword"/><con:entry key="username" value="JohnDoe"/></con:parameters><con:parameterOrder><con:entry>username</con:entry><con:entry>password</con:entry></con:parameterOrder></con:request></con:method></con:resource><con:resource name="Username" path="/v2/user/{username}" id="4970dc84-24c3-4659-b35e-a05dc98e456c"><con:settings/><con:parameters/><con:method name="Username" id="c94029fc-1331-46a7-8219-5ba80bcf1cf5" method="GET"><con:settings/><con:parameters><con:parameter required="true"><con:name>username</con:name><con:value>username</con:value><con:style>TEMPLATE</con:style><con:default>username</con:default><con:path xsi:nil="true"/><con:description xsi:nil="true"/></con:parameter></con:parameters><con:request name="Request 1" id="8e482209-ce13-415b-a805-d09c140afd21" mediaType="application/json"><con:settings/><con:endpoint>https://petstore.swagger.io</con:endpoint><con:credentials><con:selectedAuthProfile>No Authorization</con:selectedAuthProfile><con:authType>No Authorization</con:authType></con:credentials><con:parameters><con:entry key="username" value="username"/></con:parameters><con:parameterOrder><con:entry>username</con:entry></con:parameterOrder></con:request></con:method><con:method name="Username 2" id="002e5e00-4685-4ea0-bb18-ab2f09cd7bcf" method="DELETE"><con:settings/><con:parameters><con:parameter required="true"><con:name>username</con:name><con:value>username</con:value><con:style>TEMPLATE</con:style><con:default>username</con:default><con:path xsi:nil="true"/><con:description xsi:nil="true"/></con:parameter></con:parameters><con:request name="Request 1" id="a8cb6834-d909-4c9c-b9ac-f89d1c1eab33" mediaType="application/json"><con:settings/><con:endpoint>https://petstore.swagger.io</con:endpoint><con:credentials><con:selectedAuthProfile>No Authorization</con:selectedAuthProfile><con:authType>No Authorization</con:authType></con:credentials><con:parameters><con:entry key="username" value="username"/></con:parameters><con:parameterOrder><con:entry>username</con:entry></con:parameterOrder></con:request></con:method></con:resource><con:resource name="Logout" path="/v2/user/logout" id="886dce01-a9ad-4291-ae08-9a7e4ebb68bc"><con:settings/><con:parameters/><con:method name="Logout" id="38442579-1ec4-4083-972b-8d5be8383461" method="GET"><con:settings/><con:parameters/><con:request name="Request 1" id="abd97d1a-202e-4895-8588-9a02849a314a" mediaType="application/json"><con:settings/><con:endpoint>https://petstore.swagger.io</con:endpoint><con:credentials><con:selectedAuthProfile>No Authorization</con:selectedAuthProfile><con:authType>No Authorization</con:authType></con:credentials><con:parameters/></con:request></con:method></con:resource></con:interface><con:testSuite id="3d839d07-b232-40da-9c79-4e9ec23ce2c7" name="https://petstore.swagger.io Test Suite"><con:settings id="d9d8dc34-478a-4c3c-b572-6deee3946c9b"/><con:runType>SEQUENTIAL</con:runType><con:testCase id="0520c839-ce77-4b11-a54b-c968ae6db673" discardOkResults="false" failOnError="false" failTestCaseOnErrors="true" keepSession="false" name="Test Case" searchProperties="true" timeout="0"><con:settings/><con:testStep type="restrequest" name="Request 1" id="04927516-1aac-4244-9938-f44e82d75de3"><con:settings/><con:config service="https://petstore.swagger.io" resourcePath="/v2/user" methodName="User" xsi:type="con:RestRequestStep" xmlns:xsi="http://www.w3.org/2001/XMLSchema-instance"><con:restRequest name="Request 1" id="d616d63f-2028-4769-b20e-3a9a753158e3" mediaType="application/json" postQueryString="false"><con:settings><con:setting id="com.eviware.soapui.impl.wsdl.WsdlRequest@request-headers">&lt;xml-fragment/></con:setting></con:settings><con:endpoint>https://petstore.swagger.io</con:endpoint><con:request>{
    "id": 1,
    "username": "testuser",
    "firstName": "John",
    "lastName": "Doe",
    "email": "john@doe.com",
    "password": "testuser",
    "phone": "234567890",
    "userStatus": 0
}</con:request><con:assertion type="Valid HTTP Status Codes" id="395faef2-030c-4e1b-9509-cd284ac1cf11" name="Valid HTTP Status Codes"><con:settings/><con:configuration><codes>200</codes></con:configuration></con:assertion><con:credentials><con:selectedAuthProfile>No Authorization</con:selectedAuthProfile><con:authType>No Authorization</con:authType></con:credentials><con:jmsConfig JMSDeliveryMode="PERSISTENT"/><con:parameters/></con:restRequest></con:config></con:testStep><con:testStep type="restrequest" name="Request 2" id="787cd7e1-bb6f-48ea-99b6-d373e1174582"><con:settings/><con:config service="https://petstore.swagger.io" resourcePath="/v2/user/login" methodName="Login" xsi:type="con:RestRequestStep" xmlns:xsi="http://www.w3.org/2001/XMLSchema-instance"><con:restRequest name="Request 2" id="676b24f5-9679-4e5c-9e26-83276f5f8a5f" mediaType="application/json"><con:settings/><con:endpoint>https://petstore.swagger.io</con:endpoint><con:request/><con:assertion type="Valid HTTP Status Codes" id="00b00440-5727-42a3-835d-1be523b235e3" name="Valid HTTP Status Codes"><con:settings/><con:configuration><codes>200</codes></con:configuration></con:assertion><con:credentials><con:selectedAuthProfile>No Authorization</con:selectedAuthProfile><con:authType>No Authorization</con:authType></con:credentials><con:jmsConfig JMSDeliveryMode="PERSISTENT"/><con:parameters><con:entry key="password" value="{password}"/><con:entry key="username" value="{username}"/></con:parameters><con:parameterOrder><con:entry>username</con:entry><con:entry>password</con:entry></con:parameterOrder></con:restRequest></con:config></con:testStep><con:testStep type="restrequest" name="Request 3" id="52701175-4aa5-4ce2-9ede-75505fee9afd"><con:settings/><con:config service="https://petstore.swagger.io" resourcePath="/v2/user/{username}" methodName="Username" xsi:type="con:RestRequestStep" xmlns:xsi="http://www.w3.org/2001/XMLSchema-instance"><con:restRequest name="Request 3" id="8e482209-ce13-415b-a805-d09c140afd21" mediaType="application/json"><con:settings/><con:endpoint>https://petstore.swagger.io</con:endpoint><con:request/><con:assertion type="Valid HTTP Status Codes" id="2efc79c9-8f53-4095-b1de-ea69af2bb804" name="Valid HTTP Status Codes"><con:settings/><con:configuration><codes>200</codes></con:configuration></con:assertion><con:credentials><con:selectedAuthProfile>No Authorization</con:selectedAuthProfile><con:authType>No Authorization</con:authType></con:credentials><con:jmsConfig JMSDeliveryMode="PERSISTENT"/><con:parameters><con:entry key="username" value="username"/></con:parameters><con:parameterOrder><con:entry>username</con:entry></con:parameterOrder></con:restRequest></con:config></con:testStep><con:testStep type="restrequest" name="Request 4" id="1eb86137-e754-4347-a60f-9b000804300d"><con:settings/><con:config service="https://petstore.swagger.io" resourcePath="/v2/user/logout" methodName="Logout" xsi:type="con:RestRequestStep" xmlns:xsi="http://www.w3.org/2001/XMLSchema-instance"><con:restRequest name="Request 4" id="abd97d1a-202e-4895-8588-9a02849a314a" mediaType="application/json"><con:settings/><con:endpoint>https://petstore.swagger.io</con:endpoint><con:request/><con:assertion type="Valid HTTP Status Codes" id="5503e153-e92c-41e2-aeb0-88e3a85a9440" name="Valid HTTP Status Codes"><con:settings/><con:configuration><codes>200</codes></con:configuration></con:assertion><con:credentials><con:selectedAuthProfile>No Authorization</con:selectedAuthProfile><con:authType>No Authorization</con:authType></con:credentials><con:jmsConfig JMSDeliveryMode="PERSISTENT"/><con:parameters/></con:restRequest></con:config></con:testStep><con:testStep type="restrequest" name="Request 5" id="a4de4258-5d53-485e-97b3-3b66d68223c4"><con:settings/><con:config service="https://petstore.swagger.io" resourcePath="/v2/user/{username}" methodName="Username 2" xsi:type="con:RestRequestStep" xmlns:xsi="http://www.w3.org/2001/XMLSchema-instance"><con:restRequest name="Request 5" id="a8cb6834-d909-4c9c-b9ac-f89d1c1eab33" mediaType="application/json" postQueryString="false"><con:settings><con:setting id="com.eviware.soapui.impl.wsdl.WsdlRequest@request-headers">&lt;xml-fragment/></con:setting></con:settings><con:endpoint>https://petstore.swagger.io</con:endpoint><con:request>{
    "id": 1,
    "username": "testuser",
    "firstName": "John",
    "lastName": "Doe",
    "email": "john@doe.com",
    "password": "testuser",
    "phone": "234567890",
    "userStatus": 0
}</con:request><con:assertion type="Valid HTTP Status Codes" id="4fbbca2c-7731-48b8-9fd0-b97700f627f9" name="Valid HTTP Status Codes"><con:settings/><con:configuration><codes>200</codes></con:configuration></con:assertion><con:credentials><con:selectedAuthProfile>No Authorization</con:selectedAuthProfile><con:authType>No Authorization</con:authType></con:credentials><con:jmsConfig JMSDeliveryMode="PERSISTENT"/><con:parameters><con:entry key="username" value="username"/></con:parameters><con:parameterOrder><con:entry>username</con:entry></con:parameterOrder></con:restRequest></con:config></con:testStep><con:properties/><con:reportParameters/></con:testCase><con:properties/><con:reportParameters/></con:testSuite><con:properties/><con:wssContainer/><con:databaseConnectionContainer/><con:jmsConnectionContainer/><con:oAuth2ProfileContainer/><con:oAuth1ProfileContainer/><con:reporting><con:xmlTemplates/><con:parameters/></con:reporting><con:eventHandlers type="RequestFilter.filterRequest" name="RequestFilter.filterRequest"><con:script>// Sample event script to add custom HTTP header to all outgoing REST, SOAP and HTTP(S) calls
// This code is often used for adding custom authentication to ReadyAPI functional tests

// If hardcoding the token, uncomment and change line 5
// token = '4567'

// If your token is parameterized in Project level custom property, uncomment line 8
// token = request.parent.testCase.testSuite.project.getProperty('auth_token').getValue()

// To modify all outgoing calls, remove comments from lines 11 to 16
// headers = request.requestHeaders
// if (headers.containsKey('auth_token2') == false) {
//   headers.put('auth_token2', token)
//   request.requestHeaders = headers
// }</con:script></con:eventHandlers><con:eventHandlers type="TestRunListener.afterStep" name="TestRunListener.afterStep"><con:script>// Save all test step results into files
// Change the directory path in line 5 to a location where you want to store details
// then uncomment lines 5 to 10

// filePath = 'C:\\tempOutputDirectory\\'
// fos = new java.io.FileOutputStream(filePath + testStepResult.testStep.label + '.txt', true)
// pw = new java.io.PrintWriter(fos)
// testStepResult.writeTo(pw)
// pw.close()
// fos.close()</con:script></con:eventHandlers><con:authRepository/><con:tags/></con:soapui-project>